Date Scanned,Product Title,Product URL,UPC,Buy Cost,Amazon Price,Net Profit,ROI %
2026-09-03 01:25,Better Homes and Gardens 9.25&quot;H Ceramic Chic Neutral Vase Made for Tabletops - 4.75 lbs,https://www.walmart.com/ip/CERAMIC-VASE/19525453560?athAsset=eyJhdGhjcGlkIjoiMTk1MjU0NTM1NjAiLCJhdGhzdGlkIjoiQ1MwMjAiLCJhdGhhbmNpZCI6IlByaXNtSXRlbUNhcm91c2VsIiwiYXRocmsiOjAuMH0=&athena=true&athbdg=L1600,803284055045,$19.86,$39.99,$8.63,43%
2026-09-03 01:43,Unknown Item,https://www.target.com/p/zevo-flying-insect-trap-38-3-cartridge-starter-kit/-/A-90078889,UNKNOWN,$25.49,N/A,N/A,N/A
2026-09-03 01:46,Unknown Item,https://www.target.com/p/2pc-pour-over-coffee-hearth-38-hand-8482-with-magnolia/-/A-95002199#lnk=sametab,UNKNOWN,$39.99,N/A,N/A,N/A
2026-09-03 01:46,Unknown Item,https://www.target.com/p/brita-ultramax-27-cup-dispenser-stone-blue/-/A-95063630#lnk=sametab,UNKNOWN,$34.99,N/A,N/A,N/A
2026-09-03 01:47,Unknown Item,https://www.target.com/p/green-ceramic-table-lamp-with-pleated-shade-hearth-38-hand-8482-with-magnolia/-/A-95005663#lnk=sametab,UNKNOWN,$24.99,N/A,N/A,N/A
2026-09-03 01:47,"Mainstays 30-Piece Plastic Etched Pumpkin Dinnerware Set, Orange",https://www.walmart.com/ip/MS-ORANGE-30PC-SET/19286851232?athAsset=eyJhdGhjcGlkIjoiMTkyODY4NTEyMzIiLCJhdGhzdGlkIjoiQ1MwMjAiLCJhdGhhbmNpZCI6IlByaXNtSGVyb0Nhcm91c2VsIiwiYXRocmsiOjAuMH0=&athena=true&athbdg=L1600,810194282225,$14.88,$39.99,$13.61,91%
2026-09-03 01:47,"Mainstays Black 12-Piece Recycled Plastic Dinnerware Set BPA Free, Non-Toxic, and Durable",https://www.walmart.com/ip/Mainstays-Black-12-Piece-Eco-Friendly-Recycled-Plastic-Dinnerware-Set/5352081778?athAsset=eyJhdGhjcGlkIjoiNTM1MjA4MTc3OCIsImF0aHN0aWQiOiJDUzQ3OH5DUzAwNCIsImF0aGVlIjp7ImEiOjguMiwiYiI6MTI1OC4yLCJ3IjowLjAwNjc0MTQyMTA0MDU1ODUwNiwibCI6MC41fSwiYXRocG9zYiI6IjAiLCJhdGhhbmNpZCI6IjE5Mjg2ODUxMjMyIiwiYXRocmsiOjAuMH0=&athena=true&ssp=TQIX&athbdg=L1600,849434050287,$22.96,$39.99,$5.53,24%
2026-09-03 01:47,"Better Homes &amp; Gardens Natural Pinecone Acorn Filler, 11 oz",https://www.walmart.com/ip/BHG-Pinecone-Acorn-Filler-11-oz/19542816537?athAsset=eyJhdGhjcGlkIjoiMTk1NDI4MTY1MzciLCJhdGhzdGlkIjoiQ1MwMjAiLCJhdGhhbmNpZCI6IlByaXNtSXRlbUNhcm91c2VsIiwiYXRocmsiOjAuMH0=&athena=true&athbdg=L1600,806943855598,$12.74,$39.99,$15.75,124%
2026-09-03 01:47,Unknown Item,https://www.target.com/p/ceramic-shade-table-lamp-brass-burgundy-includes-led-light-bulb-hearth-38-hand-8482-with-magnolia/-/A-95005846#lnk=sametab,UNKNOWN,$29.99,N/A,N/A,N/A
2026-09-03 01:50,Unknown Item,https://www.target.com/p/ceramic-shade-table-lamp-brass-burgundy-includes-led-light-bulb-hearth-38-hand-8482-with-magnolia/-/A-95005846#lnk=sametab,UNKNOWN,$29.99,N/A,N/A,N/A
2026-09-03 01:51,Unknown Item,https://www.walmart.com/ip/WOOD-BOWL/19476612031?athAsset=eyJhdGhjcGlkIjoiMTk0NzY2MTIwMzEiLCJhdGhzdGlkIjoiQ1MwMjAiLCJhdGhhbmNpZCI6IlByaXNtSXRlbUNhcm91c2VsIiwiYXRocmsiOjAuMH0=&athena=true&athbdg=L1600,UNKNOWN,$19.86,N/A,N/A,N/A,N/A
2026-09-03 01:54,Unknown Item,https://www.target.com/p/ceramic-shade-table-lamp-brass-burgundy-includes-led-light-bulb-hearth-38-hand-8482-with-magnolia/-/A-95005846#lnk=sametab,UNKNOWN,$29.99,N/A,N/A,N/A,N/A
2026-09-03 01:55,Unknown Item,https://www.target.com/p/ceramic-shade-table-lamp-brass-burgundy-includes-led-light-bulb-hearth-38-hand-8482-with-magnolia/-/A-95005846#lnk=sametab,UNKNOWN,$29.99,N/A,N/A,N/A,N/A
2026-09-03 01:57,Ceramic Shade Table Lamp Brass/Burgundy (Includes LED Light Bulb) - Hearth & Hand™ with Magnolia : Target,https://www.target.com/p/ceramic-shade-table-lamp-brass-burgundy-includes-led-light-bulb-hearth-38-hand-8482-with-magnolia/-/A-95005846#lnk=sametab,702992903870,$29.99,Not Found,N/A,N/A,N/A
